<?xml version="1.0" encoding="UTF-8"?>
<project-private xmlns="http://www.netbeans.org/ns/project-private/1">
    <editor-bookmarks xmlns="http://www.netbeans.org/ns/editor-bookmarks/2" lastBookmarkId="0"/>
    <open-files xmlns="http://www.netbeans.org/ns/projectui-open-files/2">
        <group>
            <file>file:/C:/Users/Bruno/OneDrive/Documentos/NetBeansProjects/Finance/src/Controllers/FXMLMainController.java</file>
            <file>file:/C:/Users/Bruno/OneDrive/Documentos/NetBeansProjects/Finance/src/Controllers/FXMLRegisterController.java</file>
            <file>file:/C:/Users/Bruno/OneDrive/Documentos/NetBeansProjects/Finance/src/CSS/stylesheet.css</file>
            <file>file:/C:/Users/Bruno/OneDrive/Documentos/NetBeansProjects/Finance/src/Model/DAO/UsersDAO.java</file>
            <file>file:/C:/Users/Bruno/OneDrive/Documentos/NetBeansProjects/Finance/src/Model/Bean/Users.java</file>
            <file>file:/C:/Users/Bruno/OneDrive/Documentos/NetBeansProjects/Finance/src/Controllers/FXMLLoginController.java</file>
        </group>
    </open-files>
</project-private>
